{"method": "CMM", "dataset": "test_dataset", "err": {"1": 0.10714285714285714, "2": 0.14285714285714285, "3": 0.21428571428571427, "4": 0.32142857142857145, "5": 0.4642857142857143, "6": 0.6428571428571429, "7": 0.7142857142857143, "8": 0.8928571428571429, "9": 0.9285714285714286, "10": 0.9642857142857143}, "homo_acc": {"1": 0.0, "3": 0.0, "5": 0.0, "10": 0.0}}