{"method": "CMM", "dataset": "whu-sen-city", "err": {"1": 0.07680520811808329, "2": 0.2185294036620667, "3": 0.3844231473212008, "4": 0.556418628216333, "5": 0.6951845857051564, "6": 0.7929516517166455, "7": 0.8619241493042186, "8": 0.911257203870126, "9": 0.9400992806569188, "10": 0.9594454994455014}, "homo_acc": {"1": 0.0, "3": 0.0036101083032490976, "5": 0.05776173285198556, "10": 0.3104693140794224}}