{"method": "CMM", "dataset": "sen1-2", "err": {"1": 0.1206352070469761, "2": 0.27930429563489223, "3": 0.4450432022156375, "4": 0.6243063583195468, "5": 0.7495849218264335, "6": 0.8304394174705312, "7": 0.880631760911676, "8": 0.9175383585920767, "9": 0.9390105917277805, "10": 0.9560568624548853}, "homo_acc": {"1": 0.0, "3": 0.0024449877750611247, "5": 0.003667481662591687, "10": 0.02567237163814181}}