{"method": "CMM", "dataset": "osdataset", "err": {"1": 0.09977450398681328, "2": 0.24602394374640493, "3": 0.43450203780503427, "4": 0.6027457390541763, "5": 0.7363162607666951, "6": 0.8259415105053682, "7": 0.8927425714408044, "8": 0.931162525319697, "9": 0.9558197726243713, "10": 0.9689384552043617}, "homo_acc": {"1": 0.0023584905660377358, "3": 0.009433962264150943, "5": 0.04245283018867924, "10": 0.2240566037735849}}