{"method": "D2-BF", "dataset": "sen1-2", "err": {"1": 0.34390712818156044, "2": 0.574581064598216, "3": 0.7551103497830982, "4": 0.8621531547129602, "5": 0.9150705033028274, "6": 0.9428700660357501, "7": 0.9577912623827358, "8": 0.9668884505217438, "9": 0.9736903029887441, "10": 0.976704149945515}, "homo_acc": {"1": 0.006150061500615006, "3": 0.23739237392373924, "5": 0.35547355473554737, "10": 0.46740467404674046}}