{"method": "D2-BF", "dataset": "whu-sen-city", "err": {"1": 0.21413810577484982, "2": 0.4263628612014025, "3": 0.629733870483009, "4": 0.7883464151441928, "5": 0.8837884024843088, "6": 0.9317110133737808, "7": 0.9561487029082041, "8": 0.9703138403500692, "9": 0.9780671875820679, "10": 0.9847792139832956}, "homo_acc": {"1": 0.007220216606498195, "3": 0.48736462093862815, "5": 0.7364620938628159, "10": 0.8592057761732852}}