{"method": "D2-BF", "dataset": "test_dataset", "err": {"1": 0.19805555555555554, "2": 0.4538888888888889, "3": 0.6988888888888889, "4": 0.9130555555555555, "5": 1.0, "6": 1.0, "7": 1.0, "8": 1.0, "9": 1.0, "10": 1.0}, "homo_acc": {"1": 0.0, "3": 1.0, "5": 1.0, "10": 1.0}}