{"method": "D2-BF", "dataset": "osdataset", "err": {"1": 0.2630826431294511, "2": 0.5071761946210771, "3": 0.7135022881722742, "4": 0.8476739355451111, "5": 0.9120594617507136, "6": 0.9459935090257554, "7": 0.9660757046430953, "8": 0.9768612399909591, "9": 0.983157717819665, "10": 0.9867268759523332}, "homo_acc": {"1": 0.007075471698113208, "3": 0.45990566037735847, "5": 0.660377358490566, "10": 0.7877358490566038}}