{"method": "D2", "dataset": "osdataset", "err": {"1": 0.284781191031191, "2": 0.526704167045076, "3": 0.7652510999101909, "4": 0.8400239280921099, "5": 0.9062377016922472, "6": 0.93941033713761, "7": 0.9579898006034369, "8": 0.9709415584415585, "9": 0.9785804473304474, "10": 0.9811056998557}, "homo_acc": {"1": 0.0, "3": 0.013245033112582781, "5": 0.039735099337748346, "10": 0.16556291390728478}}