{"method": "D2", "dataset": "sen1-2", "err": {"1": 0.33822751322751327, "2": 0.646164021164021, "3": 0.9171957671957672, "4": 0.9628306878306879, "5": 0.9665343915343916, "6": 0.9665343915343916, "7": 0.9702380952380953, "8": 0.9861111111111112, "9": 0.9861111111111112, "10": 1.0}, "homo_acc": {"1": 0.0, "3": 0.022727272727272728, "5": 0.06818181818181818, "10": 0.1590909090909091}}