{"method": "D2", "dataset": "whu-sen-city", "err": {"1": 0.264124503968254, "2": 0.505282738095238, "3": 0.7215525793650793, "4": 0.8376364087301588, "5": 0.9023561507936508, "6": 0.9399801587301587, "7": 0.9547371031746033, "8": 0.9773065476190477, "9": 0.984375, "10": 0.9947916666666667}, "homo_acc": {"1": 0.0, "3": 0.038461538461538464, "5": 0.14102564102564102, "10": 0.4358974358974359}}