{"method": "DISK-LightGlue", "dataset": "sen1-2", "err": {"1": 0.21498961123373572, "2": 0.4396519987085101, "3": 0.7020580535510177, "4": 0.8152261518622328, "5": 0.9075280992771619, "6": 0.9460628974694866, "7": 0.9603356239926272, "8": 0.9717536635281125, "9": 0.981817979043469, "10": 0.9832372134038799}, "homo_acc": {"1": 0.0, "3": 0.008130081300813009, "5": 0.024390243902439025, "10": 0.06775067750677506}}