{"method": "DISK-LightGlue", "dataset": "osdataset", "err": {"1": 0.11392667280990203, "2": 0.2686257130931391, "3": 0.49224953854738085, "4": 0.6402039370538865, "5": 0.786991903251393, "6": 0.8496861816827066, "7": 0.8886783166868951, "8": 0.9194041087027575, "9": 0.9428632891727986, "10": 0.9575580917657047}, "homo_acc": {"1": 0.0, "3": 0.0, "5": 0.01929260450160772, "10": 0.09967845659163987}}