{"method": "DISK-LightGlue", "dataset": "whu-sen-city", "err": {"1": 0.13134620385826337, "2": 0.3167973644909235, "3": 0.5645043760906034, "4": 0.7196644966112019, "5": 0.8347081542710147, "6": 0.8960795409391971, "7": 0.9396670443279547, "8": 0.9537716747392214, "9": 0.9736596382142334, "10": 0.9806613093136977}, "homo_acc": {"1": 0.0, "3": 0.019230769230769232, "5": 0.0673076923076923, "10": 0.15865384615384615}}