{"method": "SIFT-NN", "dataset": "sen1-2", "err": {"1": 0.20952380952380953, "2": 0.6531746031746032, "3": 0.8460317460317459, "4": 0.8746031746031745, "5": 0.888888888888889, "6": 0.888888888888889, "7": 0.888888888888889, "8": 0.888888888888889, "9": 0.888888888888889, "10": 0.888888888888889}, "homo_acc": {"1": 0.0, "3": 0.0012224938875305623, "5": 0.0012224938875305623, "10": 0.0012224938875305623}}