{"method": "SIFT-NN", "dataset": "whu-sen-city", "err": {"1": 0.10875160875160875, "2": 0.42084942084942084, "3": 0.6988416988416988, "4": 0.9459459459459459, "5": 0.972972972972973, "6": 1.0, "7": 1.0, "8": 1.0, "9": 1.0, "10": 1.0}, "homo_acc": {"1": 0.0, "3": 0.0, "5": 0.0036101083032490976, "10": 0.007220216606498195}}