{"method": "SP-SG", "dataset": "test_dataset", "err": {"1": 0.1644500598483841, "2": 0.34193376778826967, "3": 0.6212262268918739, "4": 0.8233364365828789, "5": 0.9383561643835616, "6": 0.9771689497716896, "7": 0.9931506849315068, "8": 1.0, "9": 1.0, "10": 1.0}, "homo_acc": {"1": 0.0, "3": 0.5, "5": 0.5, "10": 1.0}}