{"method": "SP-SGM", "dataset": "test_dataset", "err": {"1": 0.141084854587993, "2": 0.315424045792857, "3": 0.5817918878196149, "4": 0.7792319399120184, "5": 0.9186851211072664, "6": 0.9602076124567474, "7": 0.986159169550173, "8": 0.9982698961937716, "9": 1.0, "10": 1.0}, "homo_acc": {"1": 0.0, "3": 0.0, "5": 0.0, "10": 1.0}}