{"method": "SP-SG", "dataset": "whu-sen-city", "err": {"1": 0.11553691141602375, "2": 0.2638309270511585, "3": 0.4932867648575732, "4": 0.6776096504698603, "5": 0.8350973400321453, "6": 0.9134537247786372, "7": 0.9582444980968602, "8": 0.9835685984085875, "9": 0.9909272434642215, "10": 0.9947591515937906}, "homo_acc": {"1": 0.0, "3": 0.13584905660377358, "5": 0.3584905660377358, "10": 0.6339622641509434}}