{"method": "SP-SGM", "dataset": "whu-sen-city", "err": {"1": 0.11936475777307111, "2": 0.27449552998347476, "3": 0.5106001454940536, "4": 0.6986847873629534, "5": 0.8524235032335011, "6": 0.9264372615225022, "7": 0.9643520606709579, "8": 0.9870356293292791, "9": 0.9942189737650746, "10": 0.997220649182447}, "homo_acc": {"1": 0.0, "3": 0.09345794392523364, "5": 0.2757009345794392, "10": 0.5373831775700935}}