{"method": "SP-SG", "dataset": "sen1-2", "err": {"1": 0.18762775471367793, "2": 0.39796071392331295, "3": 0.648913625172224, "4": 0.8042720005951746, "5": 0.8982137850631358, "6": 0.9373962800141397, "7": 0.9589509691540021, "8": 0.972066752703575, "9": 0.9796359695255139, "10": 0.9837694332435882}, "homo_acc": {"1": 0.0, "3": 0.09246575342465753, "5": 0.2071917808219178, "10": 0.3133561643835616}}