{"method": "SP-SGM", "dataset": "osdataset", "err": {"1": 0.1358372178881699, "2": 0.29894837900548904, "3": 0.5259684217102577, "4": 0.6995049024154668, "5": 0.8330785711884174, "6": 0.8962798495881757, "7": 0.9294793975538815, "8": 0.9521221012740965, "9": 0.9670619086954817, "10": 0.9740151338827965}, "homo_acc": {"1": 0.0, "3": 0.040100250626566414, "5": 0.16040100250626566, "10": 0.3132832080200501}}