{"method": "SP-SG", "dataset": "osdataset", "err": {"1": 0.14229348558579152, "2": 0.30796126216092007, "3": 0.5408485257393869, "4": 0.7112419883865173, "5": 0.8454467112343784, "6": 0.9071444549050537, "7": 0.9411415458030664, "8": 0.9635841167737415, "9": 0.9754034139712269, "10": 0.9816769920730523}, "homo_acc": {"1": 0.0, "3": 0.07857142857142857, "5": 0.2785714285714286, "10": 0.4880952380952381}}